<?xml version="1.0"?>
<!--<!DOCTYPE metadata SYSTEM "http://www.esri.com/metadata/esriprof80.dtd">-->
<metadata xml:lang="ru"><Esri><CreaDate>20151006</CreaDate><CreaTime>12384000</CreaTime><SyncOnce>TRUE</SyncOnce><MetaID>{18A670AD-2D0C-4402-BAF9-3D02E4E3E3D1}</MetaID></Esri><idinfo><citation><citeinfo><onlink Sync="TRUE">\\GRISHA-PC\D$\Mosrings\SHP\KremlinCopy</onlink></citeinfo></citation></idinfo><distInfo><distributor><distorTran><onLineSrc><linkage Sync="TRUE">file://\\GRISHA-PC\D$\Mosrings\SHP\KremlinCopy</linkage><protocol Sync="TRUE">Local Area Network</protocol></onLineSrc></distorTran></distributor></distInfo><dataqual><lineage><procstep><procdesc Sync="TRUE">Dataset copied.</procdesc><srcused Sync="TRUE">D:\Mosrings\SHP\Kremlin</srcused><procdate Sync="TRUE">20151006</procdate><proctime Sync="TRUE">12384000</proctime></procstep></lineage></dataqual></metadata>
